--PERFECT ORDEN INSERCION NO CRASH

USE  CLINICA_SECOND25DEMAYO;


--DEPARTAMENTOS
INSERT INTO DEPARTAMENTOS (DEPARTAMENTO) VALUES ('TULUMBA');
INSERT INTO DEPARTAMENTOS (DEPARTAMENTO) VALUES ('SOBREMONTE');
INSERT INTO DEPARTAMENTOS (DEPARTAMENTO) VALUES ('RIO SECO');
INSERT INTO DEPARTAMENTOS (DEPARTAMENTO) VALUES ('CRUZ DEL EJE');
INSERT INTO DEPARTAMENTOS (DEPARTAMENTO) VALUES ('ISCHILIN');
INSERT INTO DEPARTAMENTOS (DEPARTAMENTO) VALUES ('TOTORAL');
INSERT INTO DEPARTAMENTOS (DEPARTAMENTO) VALUES ('RIO PRIMERO');
INSERT INTO DEPARTAMENTOS (DEPARTAMENTO) VALUES ('SAN JUSTO');
INSERT INTO DEPARTAMENTOS (DEPARTAMENTO) VALUES ('MINAS');
INSERT INTO DEPARTAMENTOS (DEPARTAMENTO) VALUES ('PUNILLA');
INSERT INTO DEPARTAMENTOS (DEPARTAMENTO) VALUES ('COLYN');
INSERT INTO DEPARTAMENTOS (DEPARTAMENTO) VALUES ('POCHO');
INSERT INTO DEPARTAMENTOS (DEPARTAMENTO) VALUES ('CAPITAL');
INSERT INTO DEPARTAMENTOS (DEPARTAMENTO) VALUES ('SAN ALBERTO');
INSERT INTO DEPARTAMENTOS (DEPARTAMENTO) VALUES ('SANTA MARIA');
INSERT INTO DEPARTAMENTOS (DEPARTAMENTO) VALUES ('RIO SEGUNDO');
INSERT INTO DEPARTAMENTOS (DEPARTAMENTO) VALUES ('SAN JAVIER');
INSERT INTO DEPARTAMENTOS (DEPARTAMENTO) VALUES ('CALAMUCHITA');
INSERT INTO DEPARTAMENTOS (DEPARTAMENTO) VALUES ('TERCERO ARRIBA');
INSERT INTO DEPARTAMENTOS (DEPARTAMENTO) VALUES ('SAN MARTIN');
INSERT INTO DEPARTAMENTOS (DEPARTAMENTO) VALUES ('UNIYN');
INSERT INTO DEPARTAMENTOS (DEPARTAMENTO) VALUES ('MARCOS JUAREZ');
INSERT INTO DEPARTAMENTOS (DEPARTAMENTO) VALUES ('RIO CUARTO');
INSERT INTO DEPARTAMENTOS (DEPARTAMENTO) VALUES ('JUAREZ CELMAN');
INSERT INTO DEPARTAMENTOS (DEPARTAMENTO) VALUES ('PTE.ROQUE SAEZ PEÑA');
INSERT INTO DEPARTAMENTOS (DEPARTAMENTO) VALUES ('GRAL ROCA');

--CIUDADES
INSERT INTO CIUDADES (CIUDAD,ID_DEPARTAMENTO) VALUES ('ACHIRAS',1);
INSERT INTO CIUDADES (CIUDAD,ID_DEPARTAMENTO) VALUES ('ADELIA MARIA',2);
INSERT INTO CIUDADES (CIUDAD,ID_DEPARTAMENTO) VALUES ('AGUA DE ORO',3);
INSERT INTO CIUDADES (CIUDAD,ID_DEPARTAMENTO) VALUES ('ALCIRA GIGENA',4);
INSERT INTO CIUDADES (CIUDAD,ID_DEPARTAMENTO) VALUES ('ALEJANDRO ROCA',5);
INSERT INTO CIUDADES (CIUDAD,ID_DEPARTAMENTO) VALUES ('ALEJO LEDESMA',6);
INSERT INTO CIUDADES (CIUDAD,ID_DEPARTAMENTO) VALUES ('ALICIA',7);
INSERT INTO CIUDADES (CIUDAD,ID_DEPARTAMENTO) VALUES ('ALMAFUERTE',8);
INSERT INTO CIUDADES (CIUDAD,ID_DEPARTAMENTO) VALUES ('ALPA CORRAL',9);
INSERT INTO CIUDADES (CIUDAD,ID_DEPARTAMENTO) VALUES ('ALTA GRACIA',10);
INSERT INTO CIUDADES (CIUDAD,ID_DEPARTAMENTO) VALUES ('ALTO ALEGRE',11);
INSERT INTO CIUDADES (CIUDAD,ID_DEPARTAMENTO) VALUES ('ALTOS DE CHIPION',11);
INSERT INTO CIUDADES (CIUDAD,ID_DEPARTAMENTO) VALUES ('ANISACATE',12);
INSERT INTO CIUDADES (CIUDAD,ID_DEPARTAMENTO) VALUES ('ARIAS',13);
INSERT INTO CIUDADES (CIUDAD,ID_DEPARTAMENTO) VALUES ('ARROYITO',14);
INSERT INTO CIUDADES (CIUDAD,ID_DEPARTAMENTO) VALUES ('ARROYO ALGODÓN',15);
INSERT INTO CIUDADES (CIUDAD,ID_DEPARTAMENTO) VALUES ('ARROYO CABRAL',16);
INSERT INTO CIUDADES (CIUDAD,ID_DEPARTAMENTO) VALUES ('AUSONIA',17);
INSERT INTO CIUDADES (CIUDAD,ID_DEPARTAMENTO) VALUES ('BALLESTEROS',18);
INSERT INTO CIUDADES (CIUDAD,ID_DEPARTAMENTO) VALUES ('BALLESTEROS SUD',19);
INSERT INTO CIUDADES (CIUDAD,ID_DEPARTAMENTO) VALUES ('BALNEARIA',20);
INSERT INTO CIUDADES (CIUDAD,ID_DEPARTAMENTO) VALUES ('BELL VILLE',21);
INSERT INTO CIUDADES (CIUDAD,ID_DEPARTAMENTO) VALUES ('BENGOLEA',22);
INSERT INTO CIUDADES (CIUDAD,ID_DEPARTAMENTO) VALUES ('BENJAMIN GOULD',23);
INSERT INTO CIUDADES (CIUDAD,ID_DEPARTAMENTO) VALUES ('BERROTARAN',24);
INSERT INTO CIUDADES (CIUDAD,ID_DEPARTAMENTO) VALUES ('BIALET MASSE',25);
INSERT INTO CIUDADES (CIUDAD,ID_DEPARTAMENTO) VALUES ('BOUWER',26);
INSERT INTO CIUDADES (CIUDAD,ID_DEPARTAMENTO) VALUES ('BRINKMAN',1);
INSERT INTO CIUDADES (CIUDAD,ID_DEPARTAMENTO) VALUES ('BUCHARDO',2);
INSERT INTO CIUDADES (CIUDAD,ID_DEPARTAMENTO) VALUES ('BULNES',3);



--BARRIOS
INSERT INTO BARRIOS (BARRIO,ID_CIUDAD) VALUES ('ALBERDI',1);
INSERT INTO BARRIOS (BARRIO,ID_CIUDAD) VALUES ('ALTO ALBERDI',2);
INSERT INTO BARRIOS (BARRIO,ID_CIUDAD) VALUES ('CENTRO',3);
INSERT INTO BARRIOS (BARRIO,ID_CIUDAD) VALUES ('NUEVA CORDOBA',4);
INSERT INTO BARRIOS (BARRIO,ID_CIUDAD) VALUES ('ALTO CORDOBA',5);
INSERT INTO BARRIOS (BARRIO,ID_CIUDAD) VALUES ('CHATEU CARRERAS',6);
INSERT INTO BARRIOS (BARRIO,ID_CIUDAD) VALUES ('COFICO',7);
INSERT INTO BARRIOS (BARRIO,ID_CIUDAD) VALUES ('VILLA PAEZ',8);
INSERT INTO BARRIOS (BARRIO,ID_CIUDAD) VALUES ('VILLA URQUIZA',9);
INSERT INTO BARRIOS (BARRIO,ID_CIUDAD) VALUES ('JUNIOR',9);
INSERT INTO BARRIOS (BARRIO,ID_CIUDAD) VALUES ('GENERAL PAZ',10);
INSERT INTO BARRIOS (BARRIO,ID_CIUDAD) VALUES ('PUEYRREDON',11);
INSERT INTO BARRIOS (BARRIO,ID_CIUDAD) VALUES ('SAN VICENTE',12);
INSERT INTO BARRIOS (BARRIO,ID_CIUDAD) VALUES ('TALLERES',12);
INSERT INTO BARRIOS (BARRIO,ID_CIUDAD) VALUES ('CERRO',13);
INSERT INTO BARRIOS (BARRIO,ID_CIUDAD) VALUES ('ALTO VERDE',14);
INSERT INTO BARRIOS (BARRIO,ID_CIUDAD) VALUES ('BAJO PALERMO',15);
INSERT INTO BARRIOS (BARRIO,ID_CIUDAD) VALUES ('SUAREZ',16);
INSERT INTO BARRIOS (BARRIO,ID_CIUDAD) VALUES ('BARRIO PARQUE',17);
INSERT INTO BARRIOS (BARRIO,ID_CIUDAD) VALUES ('PARQUE VELEZ SARFIELD',18);
INSERT INTO BARRIOS (BARRIO,ID_CIUDAD) VALUES ('FERROVIARIO MITRE',19);
INSERT INTO BARRIOS (BARRIO,ID_CIUDAD) VALUES ('FERRER',20);
INSERT INTO BARRIOS (BARRIO,ID_CIUDAD) VALUES ('CASEROS',21);
INSERT INTO BARRIOS (BARRIO,ID_CIUDAD) VALUES ('VILLA LIBERTADOR',22);
INSERT INTO BARRIOS (BARRIO,ID_CIUDAD) VALUES ('CABILDO',23);
INSERT INTO BARRIOS (BARRIO,ID_CIUDAD) VALUES ('SANTA ISABEL I',24);
INSERT INTO BARRIOS (BARRIO,ID_CIUDAD) VALUES ('SANTA ISABEL II',25);
INSERT INTO BARRIOS (BARRIO,ID_CIUDAD) VALUES ('SANTA ISABEL III',26);
INSERT INTO BARRIOS (BARRIO,ID_CIUDAD) VALUES ('QUINTAS DE SANTA ANA',27);
INSERT INTO BARRIOS (BARRIO,ID_CIUDAD) VALUES ('CRISOL NORTE',28);
INSERT INTO BARRIOS (BARRIO,ID_CIUDAD) VALUES ('CRISOL SUR',29);
INSERT INTO BARRIOS (BARRIO,ID_CIUDAD) VALUES ('SAN CARLOS',30);

--TIPOS_TELEFONOS
INSERT INTO TIPOS_TELEFONOS (DESCRIPCION) VALUES ('CELULAR');
INSERT INTO TIPOS_TELEFONOS (DESCRIPCION) VALUES ('FIJO');


--GENEROS
INSERT INTO GENEROS (TIPO_GENERO) VALUES ('HOMBRE');
INSERT INTO GENEROS (TIPO_GENERO) VALUES ('MUJER');
INSERT INTO GENEROS (TIPO_GENERO) VALUES ('INDEFINIDO');

--TIPOS DOC
INSERT INTO TIPOS_DOC (TIPO_DOC) VALUES ('DNI');
INSERT INTO TIPOS_DOC (TIPO_DOC) VALUES ('L.E');
INSERT INTO TIPOS_DOC (TIPO_DOC) VALUES ('PASAPORTE');
INSERT INTO TIPOS_DOC (TIPO_DOC) VALUES ('CEDULA');

--ESPECIALIDADES
INSERT INTO ESPECIALIDADES (ID_ESPECIALIDAD,ESPECIALIDAD) VALUES (1,'ALERGOLOGIA');
INSERT INTO ESPECIALIDADES (ID_ESPECIALIDAD,ESPECIALIDAD) VALUES (2,'ANESTESIOLOGIA');
INSERT INTO ESPECIALIDADES (ID_ESPECIALIDAD,ESPECIALIDAD) VALUES (3,'ANGIOLOGIA');
INSERT INTO ESPECIALIDADES (ID_ESPECIALIDAD,ESPECIALIDAD) VALUES (4,'ENDOCRINOLOGIA');
INSERT INTO ESPECIALIDADES (ID_ESPECIALIDAD,ESPECIALIDAD) VALUES (5,'ESTOMATOLOGIA');
INSERT INTO ESPECIALIDADES (ID_ESPECIALIDAD,ESPECIALIDAD) VALUES (6,'FARMACOLOGIA CLINICA');
INSERT INTO ESPECIALIDADES (ID_ESPECIALIDAD,ESPECIALIDAD) VALUES (7,'GASTROENTEROLOGIA');
INSERT INTO ESPECIALIDADES (ID_ESPECIALIDAD,ESPECIALIDAD) VALUES (8,'GENETICA');
INSERT INTO ESPECIALIDADES (ID_ESPECIALIDAD,ESPECIALIDAD) VALUES (9,'GERIATRIA');
INSERT INTO ESPECIALIDADES (ID_ESPECIALIDAD,ESPECIALIDAD) VALUES (10,'HEMATOLOGIA');
INSERT INTO ESPECIALIDADES (ID_ESPECIALIDAD,ESPECIALIDAD) VALUES (11,'HEPATOLOGIA');
INSERT INTO ESPECIALIDADES (ID_ESPECIALIDAD,ESPECIALIDAD) VALUES (12,'INFECTOLOGIA');
INSERT INTO ESPECIALIDADES (ID_ESPECIALIDAD,ESPECIALIDAD) VALUES (13,'MEDICINA AEROESPACIAL');
INSERT INTO ESPECIALIDADES (ID_ESPECIALIDAD,ESPECIALIDAD) VALUES (14,'MEDICINA DEL DEPORTE');
INSERT INTO ESPECIALIDADES (ID_ESPECIALIDAD,ESPECIALIDAD) VALUES (15,'MEDICINA FAMILIAR Y COMUNITARIA');
INSERT INTO ESPECIALIDADES (ID_ESPECIALIDAD,ESPECIALIDAD) VALUES (16,'MEDICINA FISICA Y REHABILITACION');
INSERT INTO ESPECIALIDADES (ID_ESPECIALIDAD,ESPECIALIDAD) VALUES (17,'MEDIFICINA FORENSE');
INSERT INTO ESPECIALIDADES (ID_ESPECIALIDAD,ESPECIALIDAD) VALUES (18,'MEDICINA INTENSIVA');
INSERT INTO ESPECIALIDADES (ID_ESPECIALIDAD,ESPECIALIDAD) VALUES (19,'MEDICINA INTERNA');
INSERT INTO ESPECIALIDADES (ID_ESPECIALIDAD,ESPECIALIDAD) VALUES (20,'MEDICINA PREVENTIVA Y SALUD PUBLICA');
INSERT INTO ESPECIALIDADES (ID_ESPECIALIDAD,ESPECIALIDAD) VALUES (21,'MEDICINA DEL TRABAJO');
INSERT INTO ESPECIALIDADES (ID_ESPECIALIDAD,ESPECIALIDAD) VALUES (22,'NEFROLOGIA');
INSERT INTO ESPECIALIDADES (ID_ESPECIALIDAD,ESPECIALIDAD) VALUES (23,'NEUMOLOGIA');
INSERT INTO ESPECIALIDADES (ID_ESPECIALIDAD,ESPECIALIDAD) VALUES (24,'NUTRIOLOGIA');
INSERT INTO ESPECIALIDADES (ID_ESPECIALIDAD,ESPECIALIDAD) VALUES (25,'ONCOLOGIA MEDICA');
INSERT INTO ESPECIALIDADES (ID_ESPECIALIDAD,ESPECIALIDAD) VALUES (26,'ONCOLOGIA RADIOTERAPICA');
INSERT INTO ESPECIALIDADES (ID_ESPECIALIDAD,ESPECIALIDAD) VALUES (27,'PEDIATRIA');
INSERT INTO ESPECIALIDADES (ID_ESPECIALIDAD,ESPECIALIDAD) VALUES (28,'PSIQUIATRIA');
INSERT INTO ESPECIALIDADES (ID_ESPECIALIDAD,ESPECIALIDAD) VALUES (29,'REUMATOLOGIA');
INSERT INTO ESPECIALIDADES (ID_ESPECIALIDAD,ESPECIALIDAD) VALUES (30,'TOXICOLOGIA');

--ESTUDIOS ESPECIALES--
INSERT INTO ESTUDIOS_ESPECIALES (ID_ESTUDIOS_ESPECIALES, DESCRIPCION, FECHA_ESTUDIO)
VALUES (1, 'ANALISIS DE ORINA', '14/01/2021');
INSERT INTO ESTUDIOS_ESPECIALES (ID_ESTUDIOS_ESPECIALES, DESCRIPCION, FECHA_ESTUDIO)
VALUES (2, 'RADIOGRAFIA LUMBAR', '18/08/2021');
INSERT INTO ESTUDIOS_ESPECIALES (ID_ESTUDIOS_ESPECIALES, DESCRIPCION, FECHA_ESTUDIO)
VALUES (3, 'ANALISIS DE SANGRE', '22/09/2021');
INSERT INTO ESTUDIOS_ESPECIALES (ID_ESTUDIOS_ESPECIALES, DESCRIPCION, FECHA_ESTUDIO)
VALUES (4, 'ANALISIS DE MATERIA FECAL','24/09/2021');
INSERT INTO ESTUDIOS_ESPECIALES (ID_ESTUDIOS_ESPECIALES, DESCRIPCION, FECHA_ESTUDIO)
VALUES (5, 'ELECTROCARDIOGRAMA', '30/09/2021');
INSERT INTO ESTUDIOS_ESPECIALES (ID_ESTUDIOS_ESPECIALES, DESCRIPCION, FECHA_ESTUDIO)
VALUES (6, 'ELECTROMIOGRAFIA', '14/12/2021');
INSERT INTO ESTUDIOS_ESPECIALES (ID_ESTUDIOS_ESPECIALES, DESCRIPCION, FECHA_ESTUDIO)
VALUES (7, 'TOMOGRAFIA',' 24/12/2021');
INSERT INTO ESTUDIOS_ESPECIALES (ID_ESTUDIOS_ESPECIALES, DESCRIPCION, FECHA_ESTUDIO)
VALUES (8, 'ECOGRAFIA', '10/01/2022');
INSERT INTO ESTUDIOS_ESPECIALES (ID_ESTUDIOS_ESPECIALES, DESCRIPCION, FECHA_ESTUDIO)
VALUES (9, 'MAMOGRAFIA', '14/01/2022');
INSERT INTO ESTUDIOS_ESPECIALES (ID_ESTUDIOS_ESPECIALES, DESCRIPCION, FECHA_ESTUDIO)
VALUES (10, 'ANALISIS HISTOPATOLOGICO', '15/02/2022');
INSERT INTO ESTUDIOS_ESPECIALES (ID_ESTUDIOS_ESPECIALES, DESCRIPCION, FECHA_ESTUDIO)
VALUES (11, 'BIOPSIA', '19/02/2022');
INSERT INTO ESTUDIOS_ESPECIALES (ID_ESTUDIOS_ESPECIALES, DESCRIPCION, FECHA_ESTUDIO)
VALUES (12, 'RADIOGRAFIA DE TORAX', '23/03/2022');
INSERT INTO ESTUDIOS_ESPECIALES (ID_ESTUDIOS_ESPECIALES, DESCRIPCION, FECHA_ESTUDIO)
VALUES (13, 'AUDIOMETRIA', '26/03/2022');
INSERT INTO ESTUDIOS_ESPECIALES (ID_ESTUDIOS_ESPECIALES, DESCRIPCION, FECHA_ESTUDIO)
VALUES (14, 'CAMPO VISUAL', '30/03/2022');
INSERT INTO ESTUDIOS_ESPECIALES (ID_ESTUDIOS_ESPECIALES, DESCRIPCION, FECHA_ESTUDIO)
VALUES (15, 'FONDO DE OJO', '04/04/2022');
INSERT INTO ESTUDIOS_ESPECIALES (ID_ESTUDIOS_ESPECIALES, DESCRIPCION, FECHA_ESTUDIO)
VALUES (16, 'COLONOSCOPIA', '04/04/2022');
INSERT INTO ESTUDIOS_ESPECIALES (ID_ESTUDIOS_ESPECIALES, DESCRIPCION, FECHA_ESTUDIO)
VALUES (17, 'HISOPADO', '12/04/2022');

--ESTUDIOS ESPECIALES (MATIAS)
INSERT INTO ESTUDIOS_ESPECIALES (ID_ESTUDIOS_ESPECIALES, DESCRIPCION, FECHA_ESTUDIO)
VALUES (18, 'Laboratorio sangre', '02/12/2021');
INSERT INTO ESTUDIOS_ESPECIALES (ID_ESTUDIOS_ESPECIALES, DESCRIPCION, FECHA_ESTUDIO)
VALUES (19, 'Radiografia', '10/01/2022');
INSERT INTO ESTUDIOS_ESPECIALES (ID_ESTUDIOS_ESPECIALES, DESCRIPCION, FECHA_ESTUDIO)
VALUES (20, 'TAC', '21/02/2022');
INSERT INTO ESTUDIOS_ESPECIALES (ID_ESTUDIOS_ESPECIALES, DESCRIPCION, FECHA_ESTUDIO)
VALUES (21, 'RMN', '19/07/2022');
INSERT INTO ESTUDIOS_ESPECIALES (ID_ESTUDIOS_ESPECIALES, DESCRIPCION, FECHA_ESTUDIO)
VALUES (22, 'Examen orina', '07/07/2022');
INSERT INTO ESTUDIOS_ESPECIALES (ID_ESTUDIOS_ESPECIALES, DESCRIPCION, FECHA_ESTUDIO)
VALUES (23, 'PCR', '20/01/2022');
INSERT INTO ESTUDIOS_ESPECIALES (ID_ESTUDIOS_ESPECIALES, DESCRIPCION, FECHA_ESTUDIO)
VALUES (24, 'Ecografia', '02/10/2022');
INSERT INTO ESTUDIOS_ESPECIALES (ID_ESTUDIOS_ESPECIALES, DESCRIPCION, FECHA_ESTUDIO)
VALUES (25, 'Bacteriologico', '30/11/2022');
INSERT INTO ESTUDIOS_ESPECIALES (ID_ESTUDIOS_ESPECIALES, DESCRIPCION, FECHA_ESTUDIO)
VALUES (26, 'Micologicos ', '22/03/2022');
INSERT INTO ESTUDIOS_ESPECIALES (ID_ESTUDIOS_ESPECIALES, DESCRIPCION, FECHA_ESTUDIO)
VALUES (27, 'Virologicos ', '12/05/2021');
INSERT INTO ESTUDIOS_ESPECIALES (ID_ESTUDIOS_ESPECIALES, DESCRIPCION, FECHA_ESTUDIO)
VALUES (28, 'Diagnostico por imagen', '07/01/2022');
INSERT INTO ESTUDIOS_ESPECIALES (ID_ESTUDIOS_ESPECIALES, DESCRIPCION, FECHA_ESTUDIO)
VALUES (29, 'Parasitologicos ', '17/09/2022');

--OBRAS SOCIALES

INSERT INTO OBRAS_SOCIALES VALUES ('OSPE',203285323495,'PLATA')
INSERT INTO OBRAS_SOCIALES VALUES ('OSPE',203285323495,'ORO')
INSERT INTO OBRAS_SOCIALES VALUES ('OSPE',203285323495,'DIAMANTE')
INSERT INTO OBRAS_SOCIALES VALUES ('TRIUNFO',182391249247,'BRONCE')
INSERT INTO OBRAS_SOCIALES VALUES ('TRIUNFO',182391249247,'ORO')
INSERT INTO OBRAS_SOCIALES VALUES ('TRIUNFO',182391249247,'DIAMANTE')
INSERT INTO OBRAS_SOCIALES VALUES ('MEDICI',238124772952,'PLATA')
INSERT INTO OBRAS_SOCIALES VALUES ('MEDICI',238124772952,'PLATINO')
INSERT INTO OBRAS_SOCIALES VALUES ('MEDICI',238124772952,'DIAMANTE')
INSERT INTO OBRAS_SOCIALES VALUES ('ORACLE',378124812482,'BRONCE')
INSERT INTO OBRAS_SOCIALES VALUES ('ORACLE',378124812482,'ORO')
INSERT INTO OBRAS_SOCIALES VALUES ('ORACLE',378124812482,'DIAMANTE')
INSERT INTO OBRAS_SOCIALES VALUES ('ORACLE',378124812482,'ESMERALDA')
INSERT INTO OBRAS_SOCIALES VALUES ('SWISS MEDICAL',33686262869,'PLATA')
INSERT INTO OBRAS_SOCIALES VALUES ('SWISS MEDICAL',33686262869,'ORO')
INSERT INTO OBRAS_SOCIALES VALUES ('SWISS MEDICAL',33686262869,'DIAMANTE')
INSERT INTO OBRAS_SOCIALES VALUES ('OSDE',30546741253,'PLATA')
INSERT INTO OBRAS_SOCIALES VALUES ('OSDE',30546741253,'ORO')
INSERT INTO OBRAS_SOCIALES VALUES ('OSDE',30546741253,'DIAMANTE')

--PERSONAS

--HOMBRES LUCAS
INSERT INTO  PERSONAS (DOCUMENTO,NOMBRE,APELLIDO,CUIL,FECHA_NAC,ID_TIPO_DOC,ID_GENERO,ID_BARRIO,ID_TIPO_TEL,NUM_TEL,EMAIL)
VALUES (1632458,'RAMON JOSE','DIAZ',2016324587,'18/01/1919',1,1,1,1,NULL,NULL);
INSERT INTO  PERSONAS (DOCUMENTO,NOMBRE,APELLIDO,CUIL,FECHA_NAC,ID_TIPO_DOC,ID_GENERO,ID_BARRIO,ID_TIPO_TEL,NUM_TEL,EMAIL)
VALUES (92632147,'JOSE','ENCINAS',20926321477,'08/03/1987',1,1,1,1,351487962,'encina@gmail.com');
INSERT INTO  PERSONAS (DOCUMENTO,NOMBRE,APELLIDO,CUIL,FECHA_NAC,ID_TIPO_DOC,ID_GENERO,ID_BARRIO,ID_TIPO_TEL,NUM_TEL,EMAIL)
VALUES (2345917,'JEREMIAS','SPRINFILD',2023459177,'17/01/1903',1,1,1,1,NULL,NULL);
INSERT INTO  PERSONAS (DOCUMENTO,NOMBRE,APELLIDO,CUIL,FECHA_NAC,ID_TIPO_DOC,ID_GENERO,ID_BARRIO,ID_TIPO_TEL,NUM_TEL,EMAIL)
VALUES (45963425,'HECTOR','MANRIQUE',2045963425,'30/11/2010',1,1,14,1,3517010035,'hectorm@yahoo.com');
INSERT INTO  PERSONAS (DOCUMENTO,NOMBRE,APELLIDO,CUIL,FECHA_NAC,ID_TIPO_DOC,ID_GENERO,ID_BARRIO,ID_TIPO_TEL,NUM_TEL,EMAIL)
VALUES (22569742,'MARECLO JAVIER','MIRAGLIA',20225697428,'22/07/1945',1,1,5,1,351222014,'mmiraglia@gmail.com');
INSERT INTO  PERSONAS (DOCUMENTO,NOMBRE,APELLIDO,CUIL,FECHA_NAC,ID_TIPO_DOC,ID_GENERO,ID_BARRIO,ID_TIPO_TEL,NUM_TEL,EMAIL)
VALUES (2345917,'JAVIER','MILEI',20226410213,'04/02/1982',1,1,6,1,11632741,'mili@gmail.com');
INSERT INTO  PERSONAS (DOCUMENTO,NOMBRE,APELLIDO,CUIL,FECHA_NAC,ID_TIPO_DOC,ID_GENERO,ID_BARRIO,ID_TIPO_TEL,NUM_TEL,EMAIL)
VALUES (13503954,'ARTURO','BORN',20135039547,'01/05/1960',1,1,7,1,351444223,'artur@gmail.com');
INSERT INTO  PERSONAS (DOCUMENTO,NOMBRE,APELLIDO,CUIL,FECHA_NAC,ID_TIPO_DOC,ID_GENERO,ID_BARRIO,ID_TIPO_TEL,NUM_TEL,EMAIL)
VALUES (24631756,'MANUEL','SENEGAL',2024631756,'19/12/1990',1,1,24,1,351964782,'manus@gmail.com');
INSERT INTO  PERSONAS (DOCUMENTO,NOMBRE,APELLIDO,CUIL,FECHA_NAC,ID_TIPO_DOC,ID_GENERO,ID_BARRIO,ID_TIPO_TEL,NUM_TEL,EMAIL)
VALUES (30632412,'JHON','WICK',2030632412,'04/07/1980',1,1,16,1,351638874,'jhon_wii@gmail.com');
INSERT INTO  PERSONAS (DOCUMENTO,NOMBRE,APELLIDO,CUIL,FECHA_NAC,ID_TIPO_DOC,ID_GENERO,ID_BARRIO,ID_TIPO_TEL,NUM_TEL,EMAIL)
VALUES (45632999,'DANIEL','SAN',20456329993,'04/02/2003',1,1,14,1,351964752,'miyagi_do@gmail.com');
INSERT INTO  PERSONAS (DOCUMENTO,NOMBRE,APELLIDO,CUIL,FECHA_NAC,ID_TIPO_DOC,ID_GENERO,ID_BARRIO,ID_TIPO_TEL,NUM_TEL,EMAIL)
VALUES (20541698,'MARTIN','GARRO',2020514698,'02/06/1978',1,1,26,1,3514446321,'MARTIN_DOC@hotmail.com');
INSERT INTO  PERSONAS (DOCUMENTO,NOMBRE,APELLIDO,CUIL,FECHA_NAC,ID_TIPO_DOC,ID_GENERO,ID_BARRIO,ID_TIPO_TEL,NUM_TEL,EMAIL)
VALUES (32456321,'HECTOR','ROMIN',20324563218,'30/08/1993',1,2,22,1,3516669874 , 'HECTOR_DOC@hotmail.com');
INSERT INTO  PERSONAS (DOCUMENTO,NOMBRE,APELLIDO,CUIL,FECHA_NAC,ID_TIPO_DOC,ID_GENERO,ID_BARRIO,ID_TIPO_TEL,NUM_TEL,EMAIL)
VALUES (30456321,'ALEJANDRO','MALVAREZ',2030456321,'24/04/1990',1,3,24,1,351361421, 'ALEJANDRO_DOC@hotmail.com');


--MUJERES LUCAS

INSERT INTO  PERSONAS (DOCUMENTO,NOMBRE,APELLIDO,CUIL,FECHA_NAC,ID_TIPO_DOC,ID_GENERO,ID_BARRIO,ID_TIPO_TEL,NUM_TEL,EMAIL)
VALUES (16256076,'CLAUDIA','ROJAS',27162560762,'14/10/1975',1,2,20,1,3514783214,'claudia_r@gmail.com');
INSERT INTO  PERSONAS (DOCUMENTO,NOMBRE,APELLIDO,CUIL,FECHA_NAC,ID_TIPO_DOC,ID_GENERO,ID_BARRIO,ID_TIPO_TEL,NUM_TEL,EMAIL)
VALUES (40987621,'ROSALIA','MATOS',2040987621,'20/07/2005',1,2,15,1,NULL,NULL);
INSERT INTO  PERSONAS (DOCUMENTO,NOMBRE,APELLIDO,CUIL,FECHA_NAC,ID_TIPO_DOC,ID_GENERO,ID_BARRIO,ID_TIPO_TEL,NUM_TEL,EMAIL)
VALUES (476317452,'FLORENCIA','GUTIERREZ',20476317452,'08/09/2015',1,2,16,1,11456231,'f_gutierres@gmail.com');
INSERT INTO  PERSONAS (DOCUMENTO,NOMBRE,APELLIDO,CUIL,FECHA_NAC,ID_TIPO_DOC,ID_GENERO,ID_BARRIO,ID_TIPO_TEL,NUM_TEL,EMAIL)
VALUES (28314752,'CAROLINA','ALBRETH',20364127856,'25/04/2012',1,2,14,1,NULL,NULL);
INSERT INTO  PERSONAS (DOCUMENTO,NOMBRE,APELLIDO,CUIL,FECHA_NAC,ID_TIPO_DOC,ID_GENERO,ID_BARRIO,ID_TIPO_TEL,NUM_TEL,EMAIL)
VALUES (24631741,'KARINA','LA PRINCESITA',20246317411,'24/07/1985',1,2,11,1,11463124 ,' K_lapri@hotmail.com ');
INSERT INTO  PERSONAS (DOCUMENTO,NOMBRE,APELLIDO,CUIL,FECHA_NAC,ID_TIPO_DOC,ID_GENERO,ID_BARRIO,ID_TIPO_TEL,NUM_TEL,EMAIL)
VALUES (43654741,'MARTA','GONCALVEZ',20436547411,'10/10/2010',1,2,11,1,11031124 ,'martita@hotmail.com');
INSERT INTO  PERSONAS (DOCUMENTO,NOMBRE,APELLIDO,CUIL,FECHA_NAC,ID_TIPO_DOC,ID_GENERO,ID_BARRIO,ID_TIPO_TEL,NUM_TEL,EMAIL)
VALUES (16056275,'ELBA','SILVA',20160562751,'14/08/1999',1,2,3,1,3514215566 ,' elba_b@yahoo.com');
INSERT INTO  PERSONAS (DOCUMENTO,NOMBRE,APELLIDO,CUIL,FECHA_NAC,ID_TIPO_DOC,ID_GENERO,ID_BARRIO,ID_TIPO_TEL,NUM_TEL,EMAIL)
VALUES (39460701,'MONICA','AUREOLA',20394607018,'15/09/2020',1,2,8,1,NULL,NULL);
INSERT INTO  PERSONAS (DOCUMENTO,NOMBRE,APELLIDO,CUIL,FECHA_NAC,ID_TIPO_DOC,ID_GENERO,ID_BARRIO,ID_TIPO_TEL,NUM_TEL,EMAIL)
VALUES (23178963,'MATILDA','RAMOS',20231789638,'13/11/1998',1,2,13,1,351223489 ,'mari_r@hotmail.com');
INSERT INTO  PERSONAS (DOCUMENTO,NOMBRE,APELLIDO,CUIL,FECHA_NAC,ID_TIPO_DOC,ID_GENERO,ID_BARRIO,ID_TIPO_TEL,NUM_TEL,EMAIL)
VALUES (32621741,'LISA','SIMPSONS',20326217418,'22/08/1988',1,2,19,1,NULL ,'o_lisa@hotmail.com');
INSERT INTO  PERSONAS (DOCUMENTO,NOMBRE,APELLIDO,CUIL,FECHA_NAC,ID_TIPO_DOC,ID_GENERO,ID_BARRIO,ID_TIPO_TEL,NUM_TEL,EMAIL)
VALUES (43666111,'ELISA','SIMONS',20433666111,'01/12/2003',1,2,13,1,3514447788 ,'ELIS_DOC@Gmail.com');
INSERT INTO  PERSONAS (DOCUMENTO,NOMBRE,APELLIDO,CUIL,FECHA_NAC,ID_TIPO_DOC,ID_GENERO,ID_BARRIO,ID_TIPO_TEL,NUM_TEL,EMAIL)
VALUES (42361333,'JENY','SALMON',2042361333,'20/11/2000',1,3,4,1,3512223334 ,'JENY_DOC@GMAIL.com');
INSERT INTO  PERSONAS (DOCUMENTO,NOMBRE,APELLIDO,CUIL,FECHA_NAC,ID_TIPO_DOC,ID_GENERO,ID_BARRIO,ID_TIPO_TEL,NUM_TEL,EMAIL)
VALUES (106321789,'GRACIELA','ARNDT',20106321788,'09/10/1962',1,3,25,1,NULL ,'GRACIELA_DOC@hotmail.com');
INSERT INTO  PERSONAS (DOCUMENTO,NOMBRE,APELLIDO,CUIL,FECHA_NAC,ID_TIPO_DOC,ID_GENERO,ID_BARRIO,ID_TIPO_TEL,NUM_TEL,EMAIL)
VALUES (43666111,'ELISA','SIMONS',20433666111,'01/12/2003',1,2,13,1,3514447788 ,'ELIS_DOC@Gmail.com');
INSERT INTO  PERSONAS (DOCUMENTO,NOMBRE,APELLIDO,CUIL,FECHA_NAC,ID_TIPO_DOC,ID_GENERO,ID_BARRIO,ID_TIPO_TEL,NUM_TEL,EMAIL)
VALUES (42361333,'JENY','SALMON',2042361333,'20/11/2000',1,3,4,1,3512223334 ,'JENY_DOC@GMAIL.com');

-- PERSONAS

--HOMBRES (GUILLEE)
INSERT INTO  PERSONAS (DOCUMENTO,NOMBRE,APELLIDO,CUIL,FECHA_NAC,ID_TIPO_DOC,ID_GENERO,ID_BARRIO,ID_TIPO_TEL,NUM_TEL,EMAIL)
VALUES ('37851938','GUILLERMO','BRITOS','20378519382','22/10/1993',1,1,1,1,'3517550161','gbritos13@gmail.com');
INSERT INTO  PERSONAS (DOCUMENTO,NOMBRE,APELLIDO,CUIL,FECHA_NAC,ID_TIPO_DOC,ID_GENERO,ID_BARRIO,ID_TIPO_TEL,NUM_TEL,EMAIL)
VALUES ('39691077','GASTON','TAIBO','20396910772','23/01/1993',1,1,1,1,'3512487965','taibon_gaston@gmail.com');
INSERT INTO  PERSONAS (DOCUMENTO,NOMBRE,APELLIDO,CUIL,FECHA_NAC,ID_TIPO_DOC,ID_GENERO,ID_BARRIO,ID_TIPO_TEL,NUM_TEL,EMAIL)
VALUES ('38695654','LUCIANO','MANZANELLI','20386956542','18/05/1990',1,1,1,1,'3515412369','lucho_manzanelli@gmail.com');
INSERT INTO  PERSONAS (DOCUMENTO,NOMBRE,APELLIDO,CUIL,FECHA_NAC,ID_TIPO_DOC,ID_GENERO,ID_BARRIO,ID_TIPO_TEL,NUM_TEL,EMAIL)
VALUES ('37851938','GOKU','SSJ1','20223547892','01/01/1980',1,1,3,1,'3514236987','goku_ssj1@gmail.com');
INSERT INTO  PERSONAS (DOCUMENTO,NOMBRE,APELLIDO,CUIL,FECHA_NAC,ID_TIPO_DOC,ID_GENERO,ID_BARRIO,ID_TIPO_TEL,NUM_TEL,EMAIL)
VALUES ('35654741','GOKU','SSJ2','20113547892','05/06/1987',1,1,5,1,'351365874','goku_ssj2@gmail.com');
INSERT INTO  PERSONAS (DOCUMENTO,NOMBRE,APELLIDO,CUIL,FECHA_NAC,ID_TIPO_DOC,ID_GENERO,ID_BARRIO,ID_TIPO_TEL,NUM_TEL,EMAIL)
VALUES ('32145756','CARLOS','ALVAREZ','20224100322','25/04/1990',1,1,6,1,'351236547','carlos_alvarez@gmail.com');
INSERT INTO  PERSONAS (DOCUMENTO,NOMBRE,APELLIDO,CUIL,FECHA_NAC,ID_TIPO_DOC,ID_GENERO,ID_BARRIO,ID_TIPO_TEL,NUM_TEL,EMAIL)
VALUES ('38695654','EZEQUIEL','PEREZ','20325417892','05/08/2005',1,1,10,1,'3518095040','ezeperez@gmail.com');
INSERT INTO  PERSONAS (DOCUMENTO,NOMBRE,APELLIDO,CUIL,FECHA_NAC,ID_TIPO_DOC,ID_GENERO,ID_BARRIO,ID_TIPO_TEL,NUM_TEL,EMAIL)
VALUES ('31045698','ALEJANDRO','MARCHAND','20235416982','11/07/1994',1,1,4,1,'3513256487','ale_ale@gmail.com');
INSERT INTO  PERSONAS (DOCUMENTO,NOMBRE,APELLIDO,CUIL,FECHA_NAC,ID_TIPO_DOC,ID_GENERO,ID_BARRIO,ID_TIPO_TEL,NUM_TEL,EMAIL)
VALUES ('35477891','ENRIQUE','MACRI','20354778912','26/05/12',1,1,8,1,'3514203698','ENRIQUE@gmail.com');
INSERT INTO  PERSONAS (DOCUMENTO,NOMBRE,APELLIDO,CUIL,FECHA_NAC,ID_TIPO_DOC,ID_GENERO,ID_BARRIO,ID_TIPO_TEL,NUM_TEL,EMAIL)
VALUES ('38695654','LUCIANO','MANZANELLI','20386956542','18/05/1990',1,1,1,1,'3515412369','lucho_manzanelli@gmail.com');
INSERT INTO  PERSONAS (DOCUMENTO,NOMBRE,APELLIDO,CUIL,FECHA_NAC,ID_TIPO_DOC,ID_GENERO,ID_BARRIO,ID_TIPO_TEL,NUM_TEL,EMAIL)
VALUES ('25041321','MARTIN','DE PAUL','20250413212','25/04/1990',1,1,14,1,'351542158','martin_dapaul@gmail.com');

--MUJERES (GUILLEE)
INSERT INTO  PERSONAS (DOCUMENTO,NOMBRE,APELLIDO,CUIL,FECHA_NAC,ID_TIPO_DOC,ID_GENERO,ID_BARRIO,ID_TIPO_TEL,NUM_TEL,EMAIL)
VALUES ('25478965','LILIANA','GEYSELS','27254789658','08/03/1974',1,2,15,1,'3517550161','lilian_lilian@outlook.com');
INSERT INTO  PERSONAS (DOCUMENTO,NOMBRE,APELLIDO,CUIL,FECHA_NAC,ID_TIPO_DOC,ID_GENERO,ID_BARRIO,ID_TIPO_TEL,NUM_TEL,EMAIL)
VALUES ('38987604','CELESTE','MARTINEZ','27389876048','22/01/1993',1,2,12,1,'351478954','cele_kpa@gmail.com');
INSERT INTO  PERSONAS (DOCUMENTO,NOMBRE,APELLIDO,CUIL,FECHA_NAC,ID_TIPO_DOC,ID_GENERO,ID_BARRIO,ID_TIPO_TEL,NUM_TEL,EMAIL)
VALUES ('38695654','ESTELA','GOMEZ','275418948','18/05/1975',1,2,20,1,'3515412369','estelita_estelita@gmail.com');
INSERT INTO  PERSONAS (DOCUMENTO,NOMBRE,APELLIDO,CUIL,FECHA_NAC,ID_TIPO_DOC,ID_GENERO,ID_BARRIO,ID_TIPO_TEL,NUM_TEL,EMAIL)
VALUES ('33654789','MARIELA','GOMEZ','27336547898','05/04/1980',1,2,6,1,'3514236987','mariela_mari@gmail.com');
INSERT INTO  PERSONAS (DOCUMENTO,NOMBRE,APELLIDO,CUIL,FECHA_NAC,ID_TIPO_DOC,ID_GENERO,ID_BARRIO,ID_TIPO_TEL,NUM_TEL,EMAIL)
VALUES ('28965741','NORA','FUNES','27289657418','05/06/1987',1,2,5,1,'351365874','nora_norita@gmail.com');
INSERT INTO  PERSONAS (DOCUMENTO,NOMBRE,APELLIDO,CUIL,FECHA_NAC,ID_TIPO_DOC,ID_GENERO,ID_BARRIO,ID_TIPO_TEL,NUM_TEL,EMAIL)
VALUES ('32145756','BULMA','LA MAS LINDA','271234568','08/05/1999',1,2,6,1,'351236547','bulma_capsule_corp@gmail.com');
INSERT INTO  PERSONAS (DOCUMENTO,NOMBRE,APELLIDO,CUIL,FECHA_NAC,ID_TIPO_DOC,ID_GENERO,ID_BARRIO,ID_TIPO_TEL,NUM_TEL,EMAIL)
VALUES ('35241789','MANUELA','PEDROSKY','27352417898','01/01/2010',1,2,18,1,'3515897410','manuela_manuela@gmail.com');
INSERT INTO  PERSONAS (DOCUMENTO,NOMBRE,APELLIDO,CUIL,FECHA_NAC,ID_TIPO_DOC,ID_GENERO,ID_BARRIO,ID_TIPO_TEL,NUM_TEL,EMAIL)
VALUES ('32564714','MARCIA','LOPEZ','27325647148','03/05/1974',1,2,4,1,'3513256487','marcia_marcia@yahoo.com');
INSERT INTO  PERSONAS (DOCUMENTO,NOMBRE,APELLIDO,CUIL,FECHA_NAC,ID_TIPO_DOC,ID_GENERO,ID_BARRIO,ID_TIPO_TEL,NUM_TEL,EMAIL)
VALUES ('22541789','LUCIA','LUCIANI','27225417898','21/05/12',1,2,7,1,'3514203698','lucia@gmail.com');
INSERT INTO  PERSONAS (DOCUMENTO,NOMBRE,APELLIDO,CUIL,FECHA_NAC,ID_TIPO_DOC,ID_GENERO,ID_BARRIO,ID_TIPO_TEL,NUM_TEL,EMAIL)
VALUES ('33541258','MARCELA','MANZANELLI','27335412588','05/02/1959',1,2,1,1,'3515412369','marcelita_lita_lita@gmail.com');
INSERT INTO  PERSONAS (DOCUMENTO,NOMBRE,APELLIDO,CUIL,FECHA_NAC,ID_TIPO_DOC,ID_GENERO,ID_BARRIO,ID_TIPO_TEL,NUM_TEL,EMAIL)
VALUES ('21045654','SOFIA','RODRIGUEZ','27210456548','03/04/1990',1,2,14,1,'351542158','sofi_lamastop@gmail.com');

--NOSE QUIEN

INSERT INTO PERSONAS (DOCUMENTO, NOMBRE, APELLIDO, CUIL, FECHA_NAC, ID_TIPO_DOC, ID_GENERO, ID_BARRIO, ID_TIPO_TEL, NUM_TEL, EMAIL)
VALUES	(32783902, 'MARCELA', 'QUIROGA', 27327839028,'08/07/1988', 1, 2, 1, 1, 3512564543, 'marcelaq@gmail.com')
INSERT INTO PERSONAS VALUES (19876356, 'JUAN CARLOS', 'MARTINEZ', 20198763567, '25/05/1968', 1, 1, 1, 1, NULL, 'jcmartinez@hotmail.com')
INSERT INTO PERSONAS VALUES (36007090, 'MARIA', 'MORALES', 27360070908,'15/12/1993', 1, 2, 1, 2, 3514540009, 'moralesmaria@outlook.com')
INSERT INTO PERSONAS VALUES (39765567, 'MARTIN', 'SUAREZ', 20397655670,'02/01/1996', 1, 1, 1, 1, NULL, 'martins02@hotmail.com.ar')
INSERT INTO PERSONAS VALUES ('A0076E3', 'CRISTINA', 'PEREZ', 20397655670,'15/11/1989', 3, 2, 1, 1, 3516358051, 'cristina15@gmail.com')
INSERT INTO PERSONAS VALUES (31890065, 'RAUL', 'ALVAREZ', 27318900657,	'05/11/1988', 1, 1, 1, 1, 3516544560, 'raul88alvarez@gmail.com')
INSERT INTO PERSONAS VALUES (40344900, 'DAVID', 'MARTINEZ', 27403449007,'24/04/1997', 1, 1, 1, 1, 3548555001, 'mart_david@gmail.com')
INSERT INTO PERSONAS VALUES ('B78EE595', 'MARTINA', 'GARCIA', 20378845950,'03/11/1993', 3, 2, 1, 1, 3516358051, 'martgarcia3@gmail.com')
INSERT INTO PERSONAS VALUES (12876764, 'MURIEL', 'BOLSA', 20128767640,'09/02/1958', 1, 2, 1, 2, 3514203421, NULL)
INSERT INTO PERSONAS VALUES ('AÑO99D17M212', 'JUSTO', 'BOLSA', NULL,'23/05/1953', 4, 1, 1, 1, 3514203421, NULL)
INSERT INTO PERSONAS VALUES ('AÑO83D5M107', 'AURELIO', 'GAUNA', NULL,'31/08/1952', 4, 1, 1, 1, 3514203421, NULL)

--MEDICOS
INSERT INTO MEDICOS (ID_MEDICO,MATRICULA, ID_ESPECIALIDAD, ID_PERSONA)
VALUES (1,6321,25,20);
INSERT INTO MEDICOS (ID_MEDICO, MATRICULA, ID_ESPECIALIDAD, ID_PERSONA)
VALUES (2, 22456,15,32);
INSERT INTO MEDICOS (ID_MEDICO, MATRICULA, ID_ESPECIALIDAD, ID_PERSONA)
VALUES (3, 15477,2,40);
INSERT INTO MEDICOS (ID_MEDICO,MATRICULA, ID_ESPECIALIDAD, ID_PERSONA)
VALUES (4,33214,20,8);
INSERT INTO MEDICOS (ID_MEDICO,MATRICULA, ID_ESPECIALIDAD, ID_PERSONA)
VALUES (5, 456321,16,20);
INSERT INTO MEDICOS (ID_MEDICO,MATRICULA, ID_ESPECIALIDAD, ID_PERSONA)
VALUES (6, 4463,9,11);
INSERT INTO MEDICOS (ID_MEDICO,MATRICULA, ID_ESPECIALIDAD, ID_PERSONA)
VALUES (7, 3521,27,36);
INSERT INTO MEDICOS (ID_MEDICO,MATRICULA, ID_ESPECIALIDAD, ID_PERSONA)
VALUES (8, 33102,30,15);
INSERT INTO MEDICOS (ID_MEDICO,MATRICULA, ID_ESPECIALIDAD, ID_PERSONA)
VALUES (9,22478,19,17);
INSERT INTO MEDICOS (ID_MEDICO,MATRICULA, ID_ESPECIALIDAD, ID_PERSONA)
VALUES (10, 17891,14,33);

--PACIENTES

INSERT INTO PACIENTES (ID_PERSONA, ID_OBRA_SOCIAL,TURNO, PARTICULAR)
VALUES (32,19,1,0);
INSERT INTO PACIENTES (ID_PERSONA, ID_OBRA_SOCIAL,TURNO, PARTICULAR)
VALUES (15, 15,01,00);
INSERT INTO PACIENTES (ID_PERSONA, ID_OBRA_SOCIAL,TURNO, PARTICULAR)
VALUES (52,2,01,00);
INSERT INTO PACIENTES (ID_PERSONA, ID_OBRA_SOCIAL,TURNO, PARTICULAR)
VALUES (20,1,01,00);
INSERT INTO PACIENTES (ID_PERSONA, ID_OBRA_SOCIAL,TURNO, PARTICULAR)
VALUES (44, 1,01,00);
INSERT INTO PACIENTES (ID_PERSONA, ID_OBRA_SOCIAL,TURNO, PARTICULAR)
VALUES (39,13,01,00);
INSERT INTO PACIENTES (ID_PERSONA, ID_OBRA_SOCIAL,TURNO, PARTICULAR)
VALUES (26, 11,01,00);
INSERT INTO PACIENTES (ID_PERSONA, ID_OBRA_SOCIAL,TURNO, PARTICULAR)
VALUES (24,14,01,00);
INSERT INTO PACIENTES (ID_PERSONA, ID_OBRA_SOCIAL,TURNO, PARTICULAR)
VALUES (1,12,00,01);
INSERT INTO PACIENTES (ID_PERSONA, ID_OBRA_SOCIAL,TURNO, PARTICULAR)
VALUES (8,11,00,01);
INSERT INTO PACIENTES (ID_PERSONA, ID_OBRA_SOCIAL,TURNO, PARTICULAR)
VALUES (24,9,01,00);
INSERT INTO PACIENTES (ID_PERSONA, ID_OBRA_SOCIAL,TURNO, PARTICULAR)
VALUES (48,15,00,01);
INSERT INTO PACIENTES (ID_PERSONA, ID_OBRA_SOCIAL,TURNO, PARTICULAR)
VALUES (3,18,01,00);
INSERT INTO PACIENTES (ID_PERSONA, ID_OBRA_SOCIAL,TURNO, PARTICULAR)
VALUES (9,2,00,01);
INSERT INTO PACIENTES (ID_PERSONA, ID_OBRA_SOCIAL,TURNO, PARTICULAR)
VALUES (24,4,01,00);
INSERT INTO PACIENTES (ID_PERSONA, ID_OBRA_SOCIAL,TURNO, PARTICULAR)
VALUES (50,17,01,00);
INSERT INTO PACIENTES (ID_PERSONA, ID_OBRA_SOCIAL,TURNO, PARTICULAR)
VALUES (30,8,00,01);
INSERT INTO PACIENTES (ID_PERSONA, ID_OBRA_SOCIAL,TURNO, PARTICULAR)
VALUES (10,7,01,00);
INSERT INTO PACIENTES (ID_PERSONA, ID_OBRA_SOCIAL,TURNO, PARTICULAR)
VALUES (44,3,01,00);
INSERT INTO PACIENTES (ID_PERSONA, ID_OBRA_SOCIAL,TURNO, PARTICULAR)
VALUES (21,1,01,00);
INSERT INTO PACIENTES (ID_PERSONA, ID_OBRA_SOCIAL,TURNO, PARTICULAR)
VALUES (40,5,01,00);
INSERT INTO PACIENTES (ID_PERSONA, ID_OBRA_SOCIAL,TURNO, PARTICULAR)
VALUES (37,7,01,00);
INSERT INTO PACIENTES (ID_PERSONA, ID_OBRA_SOCIAL,TURNO, PARTICULAR)
VALUES (15,10,01,00);
INSERT INTO PACIENTES (ID_PERSONA, ID_OBRA_SOCIAL,TURNO, PARTICULAR)
VALUES (29,8,01,00);
INSERT INTO PACIENTES (ID_PERSONA, ID_OBRA_SOCIAL,TURNO, PARTICULAR)
VALUES (12,6,01,00);
INSERT INTO PACIENTES (ID_PERSONA, ID_OBRA_SOCIAL,TURNO, PARTICULAR)
VALUES (14,8,01,00);
INSERT INTO PACIENTES (ID_PERSONA, ID_OBRA_SOCIAL,TURNO, PARTICULAR)
VALUES (37,10,01,00);
INSERT INTO PACIENTES (ID_PERSONA, ID_OBRA_SOCIAL,TURNO, PARTICULAR)
VALUES (1,1,01,00);
INSERT INTO PACIENTES (ID_PERSONA, ID_OBRA_SOCIAL,TURNO, PARTICULAR)
VALUES (49,12,01,00);

--CONSULTAS
INSERT INTO CONSULTAS (ID_MEDICO,ID_PACIENTE,FECHA_HORA)
VALUES (1,2,GETDATE());
INSERT INTO CONSULTAS (ID_MEDICO,ID_PACIENTE,FECHA_HORA)
VALUES (1,3,GETDATE());
INSERT INTO CONSULTAS (ID_MEDICO,ID_PACIENTE,FECHA_HORA)
VALUES (1,4,GETDATE());
INSERT INTO CONSULTAS (ID_MEDICO,ID_PACIENTE,FECHA_HORA)
VALUES (1,5,GETDATE());
INSERT INTO CONSULTAS (ID_MEDICO,ID_PACIENTE,FECHA_HORA)
VALUES (1,6,GETDATE());
INSERT INTO CONSULTAS (ID_MEDICO,ID_PACIENTE,FECHA_HORA)
VALUES (1,7,GETDATE());
INSERT INTO CONSULTAS (ID_MEDICO,ID_PACIENTE,FECHA_HORA)
VALUES (1,8,GETDATE());
INSERT INTO CONSULTAS (ID_MEDICO,ID_PACIENTE,FECHA_HORA)
VALUES (1,9,GETDATE());
INSERT INTO CONSULTAS (ID_MEDICO,ID_PACIENTE,FECHA_HORA)
VALUES (1,1,GETDATE());
INSERT INTO CONSULTAS (ID_MEDICO,ID_PACIENTE,FECHA_HORA)
VALUES (1,2,GETDATE());
INSERT INTO CONSULTAS (ID_MEDICO,ID_PACIENTE,FECHA_HORA)
VALUES (1,3,GETDATE());
INSERT INTO CONSULTAS (ID_MEDICO,ID_PACIENTE,FECHA_HORA)
VALUES (1,4,GETDATE());
INSERT INTO CONSULTAS (ID_MEDICO,ID_PACIENTE,FECHA_HORA)
VALUES (1,5,GETDATE());
INSERT INTO CONSULTAS (ID_MEDICO,ID_PACIENTE,FECHA_HORA)
VALUES (1,6,GETDATE());
INSERT INTO CONSULTAS (ID_MEDICO,ID_PACIENTE,FECHA_HORA)
VALUES (1,7,GETDATE());
INSERT INTO CONSULTAS (ID_MEDICO,ID_PACIENTE,FECHA_HORA)
VALUES (1,8,GETDATE());

--DETALLES CONSULTAS

INSERT INTO DETALLES_CONSULTAS (ID_CONSULTA,DIAGNOSTICOS,ID_ESTUDIOS_ESPECIALES)
VALUES(2,'TODO OK',2);
INSERT INTO DETALLES_CONSULTAS (ID_CONSULTA,DIAGNOSTICOS,ID_ESTUDIOS_ESPECIALES)
VALUES(2,'DEBERA VOLVER PARA REVISION',2);
INSERT INTO DETALLES_CONSULTAS (ID_CONSULTA,DIAGNOSTICOS,ID_ESTUDIOS_ESPECIALES)
VALUES(3,'SOLICITAR TURNO CON CARDIOLOGO',3);
INSERT INTO DETALLES_CONSULTAS (ID_CONSULTA,DIAGNOSTICOS,ID_ESTUDIOS_ESPECIALES)
VALUES(4,'SOLICITAR TURNO PARA ANALISIS DE SANGRE',4);
INSERT INTO DETALLES_CONSULTAS (ID_CONSULTA,DIAGNOSTICOS,ID_ESTUDIOS_ESPECIALES)
VALUES(5,'COMER MENOS FRITURAS',5);
INSERT INTO DETALLES_CONSULTAS (ID_CONSULTA,DIAGNOSTICOS,ID_ESTUDIOS_ESPECIALES)
VALUES(6,'TODO OK',6);
INSERT INTO DETALLES_CONSULTAS (ID_CONSULTA,DIAGNOSTICOS,ID_ESTUDIOS_ESPECIALES)
VALUES(7,'NO NECESITA DERIVACION A CIRUJIA',7);
INSERT INTO DETALLES_CONSULTAS (ID_CONSULTA,DIAGNOSTICOS,ID_ESTUDIOS_ESPECIALES)
VALUES(8,'TODO OK',8);
INSERT INTO DETALLES_CONSULTAS (ID_CONSULTA,DIAGNOSTICOS,ID_ESTUDIOS_ESPECIALES)
VALUES(9,'SOLICITAR TURNO CON MEDICO CLINICO, PARA CONTROLES POSTERIORES',9);
INSERT INTO DETALLES_CONSULTAS (ID_CONSULTA,DIAGNOSTICOS,ID_ESTUDIOS_ESPECIALES)
VALUES(10,'TODO OK',10);
INSERT INTO DETALLES_CONSULTAS (ID_CONSULTA,DIAGNOSTICOS,ID_ESTUDIOS_ESPECIALES)
VALUES(11,'NECESITA OPERACION URGENTE',11);
INSERT INTO DETALLES_CONSULTAS (ID_CONSULTA,DIAGNOSTICOS,ID_ESTUDIOS_ESPECIALES)
VALUES(12,'SOLICITAR TURNO PARA EL MES QUE VIENE PARA REVISION',12);
INSERT INTO DETALLES_CONSULTAS (ID_CONSULTA,DIAGNOSTICOS,ID_ESTUDIOS_ESPECIALES)
VALUES(13,'TODO PERFECTO, SOLO SEGUIR LAS INDICACIONES DE LA RECETA',13);
INSERT INTO DETALLES_CONSULTAS (ID_CONSULTA,DIAGNOSTICOS,ID_ESTUDIOS_ESPECIALES)
VALUES(14,'NECESITA DERIVACION A CIRUJIA',14);

--personas hombres(	MATIAS)
INSERT INTO  PERSONAS (DOCUMENTO,NOMBRE,APELLIDO,CUIL,FECHA_NAC,ID_TIPO_DOC,ID_GENERO,ID_BARRIO,ID_TIPO_TEL,NUM_TEL,EMAIL)
VALUES (32589642,'JULIAN','CROURER',20325896428,'16/01/1991',1,1,5,1,3515140986 ,'julicrour35@gmail.com');
INSERT INTO  PERSONAS (DOCUMENTO,NOMBRE,APELLIDO,CUIL,FECHA_NAC,ID_TIPO_DOC,ID_GENERO,ID_BARRIO,ID_TIPO_TEL,NUM_TEL,EMAIL)
VALUES (32564555,'PEDRO','TORRES',20325645558,'20/03/1991',1,1,1,1,3516842996 ,'pedro_torres@gmail.com');
INSERT INTO  PERSONAS (DOCUMENTO,NOMBRE,APELLIDO,CUIL,FECHA_NAC,ID_TIPO_DOC,ID_GENERO,ID_BARRIO,ID_TIPO_TEL,NUM_TEL,EMAIL)
VALUES (32862471,'MATIAS','GOMEZ',20328624718,'6/08/1991',1,1,6,1,3518563759 ,'matig88@gmail.com');
INSERT INTO  PERSONAS (DOCUMENTO,NOMBRE,APELLIDO,CUIL,FECHA_NAC,ID_TIPO_DOC,ID_GENERO,ID_BARRIO,ID_TIPO_TEL,NUM_TEL,EMAIL)
VALUES (42862471,'LEONARDO','SERICHIO',20428624718,'8/12/1998',1,1,27,1,3511796452 ,'leo_seichio55@gmail.com');
INSERT INTO  PERSONAS (DOCUMENTO,NOMBRE,APELLIDO,CUIL,FECHA_NAC,ID_TIPO_DOC,ID_GENERO,ID_BARRIO,ID_TIPO_TEL,NUM_TEL,EMAIL)
VALUES (42586954,'NICOLAS','GONZALEZ',20425869548,'6/07/1999',1,1,20,1,35156645793 ,'nico32gonzalez@gmail.com');
INSERT INTO  PERSONAS (DOCUMENTO,NOMBRE,APELLIDO,CUIL,FECHA_NAC,ID_TIPO_DOC,ID_GENERO,ID_BARRIO,ID_TIPO_TEL,NUM_TEL,EMAIL)
VALUES (42659833,'MARCOS','PEREIRA',20426598338,'01/03/1999',1,1,17,1,3511578945 ,'marcosperira@gmail.com');
INSERT INTO  PERSONAS (DOCUMENTO,NOMBRE,APELLIDO,CUIL,FECHA_NAC,ID_TIPO_DOC,ID_GENERO,ID_BARRIO,ID_TIPO_TEL,NUM_TEL,EMAIL)
VALUES (42384692,'MAXIMILIANO','AGUIRRES',20423846928,'27/11/1998',1,1,11,1,3518463715 ,'maxiAG60@gmail.com');
INSERT INTO  PERSONAS (DOCUMENTO,NOMBRE,APELLIDO,CUIL,FECHA_NAC,ID_TIPO_DOC,ID_GENERO,ID_BARRIO,ID_TIPO_TEL,NUM_TEL,EMAIL)
VALUES (40468135,'FERNADO','VENAVIDES',20404681358,'27/11/1999',1,1,7,2,3514713268 ,'fernado_venavides0@gmail.com');
INSERT INTO  PERSONAS (DOCUMENTO,NOMBRE,APELLIDO,CUIL,FECHA_NAC,ID_TIPO_DOC,ID_GENERO,ID_BARRIO,ID_TIPO_TEL,NUM_TEL,EMAIL)
VALUES (24468135,'GERONIMO','BUENO',20244681358,'01/08/1981',1,1,22,1,3516934789 ,NULL);
INSERT INTO  PERSONAS (DOCUMENTO,NOMBRE,APELLIDO,CUIL,FECHA_NAC,ID_TIPO_DOC,ID_GENERO,ID_BARRIO,ID_TIPO_TEL,NUM_TEL,EMAIL)
VALUES (39200401,'GONZALO','CHIAPINI',20392004018,'27/03/1999',1,1,1,1,351679123 ,'gonzalo.chiapini@gmail.com');
INSERT INTO  PERSONAS (DOCUMENTO,NOMBRE,APELLIDO,CUIL,FECHA_NAC,ID_TIPO_DOC,ID_GENERO,ID_BARRIO,ID_TIPO_TEL,NUM_TEL,EMAIL)
VALUES (41008007,'FRANCISCO','TABORDA',20410080078,'11/01/1999',1,1,25,1,3519517538 ,'fran-taborda@gmail.com');
INSERT INTO  PERSONAS (DOCUMENTO,NOMBRE,APELLIDO,CUIL,FECHA_NAC,ID_TIPO_DOC,ID_GENERO,ID_BARRIO,ID_TIPO_TEL,NUM_TEL,EMAIL)
VALUES (45852753,'MIGUEL','LUDUEÑA',20458527538,'11/01/1999',1,1,12,1,3518521593 ,'mlmiguel-ludueña@gmail.com');
INSERT INTO  PERSONAS (DOCUMENTO,NOMBRE,APELLIDO,CUIL,FECHA_NAC,ID_TIPO_DOC,ID_GENERO,ID_BARRIO,ID_TIPO_TEL,NUM_TEL,EMAIL)
VALUES (41369777,'EZEQUIEL','DUARTES',20413697778,'28/02/1998',1,1,10,1,3511678514 ,'eze_duartes@gmail.com');
INSERT INTO  PERSONAS (DOCUMENTO,NOMBRE,APELLIDO,CUIL,FECHA_NAC,ID_TIPO_DOC,ID_GENERO,ID_BARRIO,ID_TIPO_TEL,NUM_TEL,EMAIL)
VALUES (41513846,'FRANCO','TORRES',20415138468,'20/06/1998',1,1,26,2,3513689633 ,'frantorres99@gmail.com');
INSERT INTO  PERSONAS (DOCUMENTO,NOMBRE,APELLIDO,CUIL,FECHA_NAC,ID_TIPO_DOC,ID_GENERO,ID_BARRIO,ID_TIPO_TEL,NUM_TEL,EMAIL)
VALUES (44006877,'FEDERICO','CRISTALINO',20440068778,'02/03/2000',1,1,9,2,3518874456 ,'frantorres99@gmail.com');
INSERT INTO  PERSONAS (DOCUMENTO,NOMBRE,APELLIDO,CUIL,FECHA_NAC,ID_TIPO_DOC,ID_GENERO,ID_BARRIO,ID_TIPO_TEL,NUM_TEL,EMAIL)
VALUES (40800405,'MATIN','RAPACHINI',2040004058,'12/12/1997',1,1,19,2,3513388406 ,'martin_R@gmail.com');
INSERT INTO  PERSONAS (DOCUMENTO,NOMBRE,APELLIDO,CUIL,FECHA_NAC,ID_TIPO_DOC,ID_GENERO,ID_BARRIO,ID_TIPO_TEL,NUM_TEL,EMAIL)
VALUES (41002485,'MATIAS','CARRERA',204100240858,'12/12/1997',1,1,10,1,3515140966 ,'maticarrera@gmail.com');
INSERT INTO  PERSONAS (DOCUMENTO,NOMBRE,APELLIDO,CUIL,FECHA_NAC,ID_TIPO_DOC,ID_GENERO,ID_BARRIO,ID_TIPO_TEL,NUM_TEL,EMAIL)
VALUES (10358259,'ROBERTO','RODRIGEZ',20103582598,'19/2/1955',1,1,01,1,3515140966 ,NULL);
INSERT INTO  PERSONAS (DOCUMENTO,NOMBRE,APELLIDO,CUIL,FECHA_NAC,ID_TIPO_DOC,ID_GENERO,ID_BARRIO,ID_TIPO_TEL,NUM_TEL,EMAIL)
VALUES (55397237,'ANDRES','MARINI',20553972378,'03/9/2015',1,1,27,1,3515638741 ,'andi_mar3695@gmail.com');
INSERT INTO  PERSONAS (DOCUMENTO,NOMBRE,APELLIDO,CUIL,FECHA_NAC,ID_TIPO_DOC,ID_GENERO,ID_BARRIO,ID_TIPO_TEL,NUM_TEL,EMAIL)
VALUES (40447763,'YONATAN','SOTOMAYOR',20404477638,'03/9/2015',1,1,06,2,3515436899 ,'yoni.soto_mayor@gmail.com');
